,inv_yhat_test,inv_y_test
0,29.759387066204855,32.40000286443157
1,32.62691222119959,31.199999727196992
2,30.861145656686283,31.700001261713904
3,32.24079230177196,32.900001670918414
4,33.01614755096216,32.40000286443157
5,33.62245223304606,31.199999727196992
6,31.418476743032183,32.09999867008534
7,32.62128156714415,31.500001193513153
8,32.37322724933752,30.29999805627858
9,31.881636231512907,30.79999959079549
10,52.26162490336806,38.700000920710146
11,44.39632411588808,30.59999952259474
12,36.65113576416726,33.59999781757595
13,31.529480286402237,31.79999993179925
14,38.68815308613516,31.199999727196992
15,44.146231959622426,32.29999873828609
16,44.27073379575716,36.000001364015034
17,48.00820591443738,37.70000057970639
18,40.74707376149993,36.79999890878798
19,39.20355162234243,35.599998499583464
20,38.185090701884626,35.599998499583464
21,38.726623766120525,37.70000057970639
22,45.335091094038944,40.49999880648684
23,43.36155775972807,41.000000341003755
24,38.58246374533294,38.9000009889109
25,41.39408338019293,40.900001670918414
26,36.70410046789126,45.40000184142029
27,35.452886750264874,47.90000132991466
28,43.11726812341199,52.000001364015034
29,50.397240051982614,54.299998056278575
30,54.50169495918014,57.300001807319916
31,61.25750591897273,55.20000245522706
32,64.75373833895023,53.39999911339023
33,54.41666771809492,53.09999764707407
34,46.9652090915694,50.40000081840902
35,51.832824953563815,52.400001500416536
36,52.676121791538264,49.400003205435326
37,54.42392700609953,49.400003205435326
38,49.21845826062849,47.79999720376918
39,45.89072261765397,43.40000115941278
40,51.862091260107775,41.7999978857767
41,59.1022148535099,42.69999955669511
42,57.426085900892716,43.999998635984966
43,54.83974971688163,46.900003716940965
44,61.82095597675582,50.70000228472518
45,65.8131388066028,50.70000228472518
46,65.6556960074257,54.00000204602255
47,68.60263138960055,48.999997612973694
48,65.19227190002862,45.99999931799248
49,57.75504267832536,50.40000081840902
50,65.89854524386713,49.7999978857767
51,68.47080752076968,48.70000160271766
52,64.37654180586725,47.50000119351316
53,61.30867557891356,48.89999894288835
54,64.0926548131487,47.29999839728234
55,51.29950598785549,44.09999730607031
56,54.24619584732444,43.20000109121202
57,53.8279561019042,46.49999812447933
58,53.51592675102872,48.59999747657219
59,65.3666639500034,45.20000177321954
60,50.44029927853835,48.49999880648684
61,52.75066794111138,49.099996283059035
62,59.932739054717125,56.900001670918414
63,81.37385776528643,53.09999764707407
64,79.05088560381024,55.39999979539775
65,65.73007301913475,59.00000102301127
66,69.72754822730901,48.89999894288835
67,74.37978338759271,55.49999846548309
68,77.73736640751518,51.09999696506655
69,65.6597662282836,58.79999822678046
70,72.60973381587638,57.99999795397745
71,71.85513341942541,49.7999978857767
72,68.46846687097339,48.89999894288835
73,63.53388059889808,54.699998192680084
74,75.696347065441,59.49999982949812
75,75.52079287465827,61.99999931799248
76,75.51168671029923,79.10000105711165
77,77.14325601982459,68.99999897698872
78,73.20189639010012,71.3000011253124
79,75.13520219306336,77.90000064790713
80,81.50212428291172,83.1999956351519
81,86.9942653397983,91.40000115941278
82,76.8371710464621,87.59999713556843
83,73.00471983301728,77.99999931799249
84,72.61981115893879,72.6999988746876
85,71.70909651395269,65.09999628305904
86,72.77355747737695,65.09999628305904
87,69.2489235363863,64.89999894288835
88,69.68219199943803,59.00000102301127
89,65.64233957222443,56.60000020460225
90,77.4163863899944,62.599996794564674
91,67.07561110430998,61.50000051150564
92,70.25471821324943,63.5999998635985
93,75.19575354839985,67.09999696506655
94,74.25782953153927,72.80000300083307
95,112.86899215316252,93.40000184142029
96,106.17103998303165,96.60000293263232
97,88.88698896750542,105.00000034100376
98,96.21057118470503,95.6999930776237
99,110.65062357652243,144.00000545606014
100,142.59556101767797,144.00000545606014
101,157.3735945103851,137.99999795397744
102,153.20925661521716,123.99999863598497
103,138.61695832149766,146.9999982949812
104,144.22432591229588,188.99999624895867
105,146.39057820256238,167.00000511505638
106,198.56535354076138,195.00000375104133
107,222.12719644783206,188.99999624895867
108,191.9844065801449,193.00000852509396
109,176.332214045331,188.00000954810523
110,185.8622706280846,136.00000272803007
111,185.02596573116833,138.99999556695116
112,166.15288630696,160.9999976129737
113,170.22186318315414,138.99999556695116
114,173.55494849308735,150.00000204602256
115,173.13601037197031,179.9999959079549
116,205.68346053341853,185.99999249791733
117,234.57301521320068,198.00000750208267
118,237.66915474375443,196.99999897698873
119,225.44709991648818,201.99999795397744
120,232.48738166743337,208.9999812447933
121,249.12620446789944,246.0000129581428
122,268.01798726623764,311.00002148323676
123,259.3301717738231,276.99999352092857
124,267.229892116641,254.9999805627858
125,265.12009913661257,253.0000071610789
126,299.3150175668086,256.0000109121203
127,294.1740558202692,246.99999965899624
128,306.29246732928243,269.0000126171391
129,349.1538571446596,266.0000088660977
130,344.1605363852715,332.99999079289853
131,338.7446110323582,279.99999727196996
132,306.711885583691,264.99997851676324
133,301.29774981850073,276.99999352092857
134,299.9242194168222,257.9999843138271
135,316.65086296116067,273.0000030690338
136,321.57314581764007,351.0000132991466
137,337.12431394306395,323.99997953977453
138,322.1524484581345,306.0000006820075
139,370.4464155219455,376.0000300083307
140,358.27820109605426,386.0000279623082
141,340.1495028676711,354.0000170501879
142,325.13152276251236,403.00002011922174
143,340.59423724108865,364.00001500416533
144,337.84121842006823,396.0000259162856
145,351.05791300925927,393.0000221652443
146,341.01904608290687,388.000001364015
147,333.5462733574787,388.000001364015
148,384.28649771749133,468.0000286443157
149,405.5349929531573,453.9999965899624
150,359.57757272842906,435.000031031342
151,340.42826389189634,394.0000088660977
152,366.2655675888204,391.00000511505635
153,364.8234217749314,373.0000262572894
154,368.3567881401621,414.0000047740526
155,351.32384138005585,362.9999846548309
156,333.3341199153356,319.9999890878797
157,329.99442186052335,305.0000139811541
158,321.72035031998087,312.0000081840902
159,316.99618791898706,299.99999317992484
160,301.2211685584987,296.9999894288835
161,294.7133982763624,305.0000139811541
162,302.54046572247273,318.0000156861729
163,387.16356552165564,365.9999884058722
164,356.8910960167692,436.00001773219543
165,352.75664641900016,378.999990110891
166,380.3439050181772,585.0000003410038
167,365.05532615474954,443.0000119351315
168,337.1687917452538,436.00001773219543
169,336.08386510027725,578.0000061380676
170,331.25003589064556,442.0000252342781
171,334.1363353485519,355.00000375104133
172,320.7867093103233,318.0000156861729
173,328.8487365299253,306.9999873828609
174,401.90880809297397,381.99999386193235
175,393.6219257232434,321.00001943721423
176,346.57058726644226,318.0000156861729
177,401.774152528935,332.99999079289853
178,356.58843744916913,394.0000088660977
179,403.625546501148,411.0000010230113
180,416.65911388809417,342.999988746876
181,449.64488209624557,472.00001909621045
182,379.93083761776137,370.00002250624806
183,374.32597981462357,358.99999420293614
184,493.9452968591167,427.99999317992484
185,372.2103815866155,371.9999959079549
186,429.48818814132153,665.0000276213044
187,382.52593623434325,470.00000204602253
188,363.88596152318195,362.9999846548309
189,366.2904035745378,361.000011253124
190,342.34822962783875,336.9999812447933
191,348.0006206268399,325.000009889109
192,322.4100399690505,305.0000139811541
193,317.6972479973702,286.0000047740526
194,307.8049744946239,269.9999993179925
195,297.71139419727547,269.0000126171391
196,305.2511236926342,253.99999386193235
197,298.21651624422555,246.0000129581428
198,282.4308684786015,230.9999942029361
199,256.9501073991336,227.99999045189477
200,246.8486485509557,211.99998499583464
201,240.04758230040454,220.00000954810523
202,218.2493999186365,210.00001159412778
203,197.19762838706245,198.00000750208267
204,207.94312057313184,188.00000954810523
205,233.39636128529773,185.99999249791733
206,262.1488379103426,253.99999386193235
207,351.19538390032596,335.99999454393986
208,387.74649098607716,269.0000126171391
209,400.12939046601235,286.0000047740526
210,464.2916100458343,562.0000006820076
211,414.0699732891756,332.0000040920451
212,356.80901504815483,279.0000105711165
213,316.28124762363007,249.00001670918417
214,333.6364292950873,231.99998090378955
215,311.14144256183846,214.99998874687597
216,285.50378701723673,201.99999795397744
217,271.9393668037616,193.99999522594737
218,263.0073817083538,188.99999624895867
219,253.8104285087326,178.0000006820075
220,225.83199222238628,175.99999454393986
221,207.61990357095726,169.00000034100376
222,199.24891057824348,165.99999658996242
223,179.30670525919865,161.99999522594737
224,203.17308361855456,159.0000023870263
225,200.78127780246265,154.00000341003758
226,149.6567940395271,147.9999959079549
227,129.6485703928943,150.99999965899624
228,146.71877113157663,141.0000017050188
229,117.33298778285835,133.99999658996242
230,107.51929245812218,128.0
231,101.92119471348694,123.99999863598497
232,87.33343586179663,123.00000102301128
233,103.96583142342811,119.99999727196993
234,88.86799096612843,114.99999829498121
235,72.4131246890472,113.00000306903382
236,85.58836413336111,110.99999693096618
237,75.6593549777512,109.00000170501879
238,73.97129907768714,109.00000170501879
239,72.048267035951,109.99999931799249
240,75.01304100672493,106.99999556695114
241,74.9169215953929,105.00000034100376
242,68.71552545780607,105.99999795397746
243,82.20853675628359,105.00000034100376
244,69.58051831889239,101.99999658996242
245,77.33844657101966,100.00000136401503
246,79.73525559425191,99.9000026939297
247,74.57793657943904,97.30000453534998
248,73.91864809742069,98.30000214832367
249,86.79412068600408,96.3000069223763
250,76.4995227652404,91.80000129581428
251,72.62298658593517,89.19999768117444
252,75.50787838032763,87.59999713556843
253,61.694983732415714,83.3000052173575
254,65.37468708642638,78.19999665816317
255,55.94778277651398,75.19999836318196
256,53.1646874240201,72.90000167091841
257,57.063571625622885,71.69999580565377
258,50.414928598928086,69.49999778347558
259,48.89284059199616,69.19999631715942
260,51.87239502966562,68.90000030690338
261,48.91822491175675,67.80000402384435
262,46.038701880533424,67.5999957715534
263,47.13482163286922,65.60000054560601
264,50.684294287607344,64.0
265,46.47405728658536,63.69999853368384
266,47.13349581025732,62.900003716940965
267,45.0409685325142,62.700000920710146
268,46.970329604002565,62.900003716940965
269,44.63817762135557,61.70000330773645
270,42.37722449539116,61.90000064790714
271,44.18272208978015,60.400004228446605
272,44.857988643892845,60.70000023870263
273,41.92259282889557,59.00000102301127
274,40.59152967124851,57.499999147490605
275,40.6843590783214,57.000000341003755
276,43.47446546808392,56.50000153451691
277,36.36580837157406,55.59999713556843
278,41.535046149743614,55.099998329081586
279,42.23832684460015,54.00000204602255
280,38.38610286923972,54.199999386193234
281,41.03707426959553,52.400001500416536
282,51.41349126808726,53.49999778347557
283,53.800484839143415,50.59999815857971
284,47.099220840512885,50.59999815857971
285,36.530060333794935,50.59999815857971
286,37.23101129097544,49.699999215691356
287,33.509642733772566,48.09999867008534
288,41.12852874951535,48.09999867008534
289,42.44594902880424,47.50000119351316
290,34.21664173360855,46.900003716940965
291,37.77469949896318,48.09999867008534
292,32.74528144574681,47.50000119351316
293,38.25790455236607,46.2000021142233
294,31.551937429902416,46.49999812447933
295,44.53088965493489,45.79999652176166
296,40.289468542232804,45.99999931799248
297,33.84192770788527,44.99999897698873
298,43.9024142725077,44.59999884058722
299,36.71443424577982,44.200001432215785
300,43.95716583592468,42.29999942029361
301,34.50962397856587,42.69999955669511
302,40.12264950372018,42.69999955669511
303,33.816491555553434,42.49999948849436
304,-15.662455383920786,41.900002011922176
305,51.94880442377355,41.59999781757595
306,34.79290262057978,41.000000341003755
307,2.980089131562319,40.49999880648684
308,10.881833672688908,40.29999873828609
309,18.773893707082546,40.49999880648684
310,13.922184988400756,40.49999880648684
311,20.605787720386466,40.0
312,15.729750429579484,39.79999993179925
313,22.543518388116155,38.9000009889109
314,18.339727722139227,39.099998329081586
315,21.65683768800816,38.299998056278575
316,20.091128480326983,37.99999931799248
317,22.031772684166754,37.79999924979173
318,21.508640182723454,37.59999918159098
319,22.277339038553542,37.30000044330489
320,21.697709034451268,37.30000044330489
321,22.658461206900963,37.50000051150564
322,25.338919884236045,37.50000051150564
323,24.075727386591527,36.79999890878798
324,23.3752783869431,35.40000115941278
325,22.95439790841935,35.90000269392969
326,23.955497645539552,35.09999969309662
327,24.548194913656143,34.90000235292593
328,23.09474959923533,34.79999822678046
329,24.341017398352747,34.59999815857971
330,23.069166133279953,35.599998499583464
331,23.776364279310723,33.000000341003755
332,23.041754887180613,34.00000068200752
333,24.23968199353525,34.90000235292593
334,26.141582714383095,34.90000235292593
335,28.46047374288112,33.499999147490605
336,19.852600443509488,33.59999781757595
337,21.73656163864582,33.499999147490605
338,25.46412555212771,32.09999867008534
339,22.43527015511238,32.59999747657219
340,21.406677330990863,32.59999747657219
341,22.64361526728386,32.70000160271766
342,22.79627582975592,32.40000286443157
343,23.800387312068565,32.20000006820075
344,21.399066127107787,31.599999863598498
345,21.724209118508696,31.599999863598498
346,20.071541224455835,31.500001193513153
347,20.130035645122845,31.199999727196992
348,20.09394926341483,30.99999965899624
349,23.672246283826293,30.99999965899624
350,20.447998461391045,30.79999959079549
351,24.828958311949556,31.599999863598498
352,22.639310435840315,31.199999727196992
353,29.756418969493463,34.00000068200752
354,26.851912638929193,31.399999795397743
355,25.305266905346564,30.39999945439399
356,23.744217173017464,31.599999863598498
357,23.52713690857587,31.79999993179925
358,27.406215611902258,31.599999863598498
359,25.214941829873908,31.199999727196992
360,25.411147208253382,31.199999727196992
361,26.82486149279851,30.59999952259474
362,25.292630670082616,30.79999959079549
363,26.330356938863822,31.399999795397743
364,32.72136753419159,32.09999867008534
365,28.117849534819722,33.000000341003755
366,23.57479559382224,33.299999079289854
367,31.34118619521306,31.199999727196992
368,32.23282099792022,30.79999959079549
369,29.999682866504873,30.29999805627858
370,30.63077442976499,30.79999959079549
371,26.95716003886079,31.399999795397743
372,31.27927082484376,31.199999727196992
373,31.036868985333086,32.29999873828609
374,31.7381363940012,33.000000341003755
375,32.288565564281086,32.20000006820075
376,32.512580481149485,31.399999795397743
377,32.570654785186385,32.0
378,39.84607090354743,31.500001193513153
379,31.663508403526116,32.20000006820075
380,36.121390517844894,32.09999867008534
381,41.30357007064575,31.599999863598498
382,55.29029479433893,31.199999727196992
383,49.95761527887799,32.09999867008534
384,39.89604841434957,30.39999945439399
385,37.79600814180573,29.39999911339023
386,33.96909755742418,29.59999918159098
387,39.52067966141055,30.99999965899624
388,36.54587472408534,30.59999952259474
389,36.63449205273691,32.09999867008534
390,37.75728375502426,30.89999826088083
391,33.881124043868084,30.79999959079549
392,36.74641494223908,30.39999945439399
393,40.70544402269857,30.89999826088083
394,34.90988054979354,30.79999959079549
395,44.42045081378842,30.39999945439399
396,30.91716302605371,31.500001193513153
397,39.34900745741119,30.29999805627858
398,42.47510075808545,31.500001193513153
399,39.868754473543056,30.79999959079549
400,45.492689390929776,42.29999942029361
401,57.284951265447894,33.299999079289854
402,37.69421988399734,33.000000341003755
403,42.309225617975535,34.09999935209286
404,38.24109715913179,34.00000068200752
405,39.60030813099591,36.70000023870263
406,49.88306912930487,45.59999918159098
407,42.208539484313654,40.0
408,41.83702543785735,37.79999924979173
409,51.77028486430949,37.79999924979173
410,44.23732633957359,40.0
411,53.1095484803338,43.09999969309662
412,47.36530198099313,41.400000477405264
413,43.578106058306865,41.400000477405264
414,42.547688182071454,42.49999948849436
415,43.688514891122615,41.000000341003755
416,43.213900404396355,44.09999730607031
417,45.277360521790314,48.09999867008534
418,45.2015922147478,52.90000030690338
419,43.448734688505,57.59999781757595
420,51.85811924833224,60.59999611255716
421,44.418838548019636,59.899999965899624
422,53.975741674648994,57.99999795397745
423,48.121053606131795,53.79999924979173
424,49.35270462015762,60.59999611255716
425,56.94862607880801,55.099998329081586
426,45.363277100676925,52.400001500416536
427,46.76072414194077,55.99999727196993
428,56.946571872168605,49.400003205435326
429,59.63901205755189,51.799998567784215
430,47.6112911800401,51.09999696506655
431,66.38161935182687,48.89999894288835
432,70.81764176122985,54.199999386193234
433,67.58354847828778,52.90000030690338
434,59.140339073676934,50.20000347823834
435,55.56392439401075,52.90000030690338
436,57.84166581699897,55.59999713556843
437,56.696657037857214,50.40000081840902
438,53.37101106591296,54.199999386193234
439,64.94836145989164,58.50000221652443
440,56.40770682133688,62.099997988077824
441,56.48984235055254,62.300000784308644
442,51.34294168256028,70.19999938619324
443,56.133403398238855,63.5999998635985
444,60.18535463879348,61.00000170501879
445,58.52661142178448,57.0999990110891
446,57.55203904902236,57.499999147490605
447,54.87722193786298,60.09999730607031
448,51.12136835260061,62.399999454393985
449,58.331999212963325,62.900003716940965
450,68.62153936598536,69.59999645356092
451,55.07649362203621,70.40000218242405
452,62.62228480020078,70.10000071610789
453,63.51422787030536,70.10000071610789
454,72.13273775890283,68.69999751067256
455,58.315341861382656,63.000002387026306
456,74.87028319339107,62.49999812447933
457,73.61601681012127,63.79999720376918
458,76.78557854186111,68.19999870418572
459,91.16431572992366,75.49999982949812
460,86.98874926300563,76.59999611255715
461,89.34667294568253,92.19999597615565
462,103.67160246873081,104.00000272803007
463,130.1215235093106,114.99999829498121
464,153.48215783086147,160.9999976129737
465,160.82124617095405,147.9999959079549
466,176.7422042278328,188.99999624895867
467,236.64103659686432,246.99999965899624
468,233.218188185652,200.00000272803007
469,220.69007020926378,196.99999897698873
470,301.78198606726846,290.99998192680084
471,326.1847169617656,246.99999965899624
472,309.2046939849324,220.00000954810523
473,326.85891140006254,196.99999897698873
474,326.4701562035915,275.00002011922174
475,329.1281959298473,319.0000023870263
476,308.85063933089606,286.99999147490604
477,335.9735435644236,237.99998840587222
478,345.2762570336288,260.9999880648685
479,332.2799436252587,243.00000920710147
480,328.91095743966196,239.0000187552067
481,356.0664670885338,227.00000375104133
482,347.9819609011911,244.99998260880832
483,377.3618407928474,260.000001364015
484,346.9183565392074,267.99998226780457
485,328.0018032278734,243.00000920710147
486,323.5828964791021,285.00001807319916
487,331.1606438014553,270.9999860188459
488,321.5554027100933,326.99998329081586
489,308.622314126524,283.9999877238647
490,353.13710840407174,349.9999829498121
491,328.0970223892838,342.999988746876
492,319.5352200616603,292.0000122761353
493,303.6136072775658,262.00001841420294
494,297.9112387677625,230.00000750208267
495,293.65514085330733,243.9999959079549
496,264.8460084998597,299.00000647907143
497,295.38255131509806,299.00000647907143
498,354.88049420992667,344.00001909621045
499,344.1805928623139,315.0000119351315
500,303.89105884735955,312.0000081840902
501,297.4860589138553,342.00000204602253
502,336.62807436200757,361.000011253124
503,316.54097791011753,380.00002046022547
504,314.57245323900713,361.000011253124
505,317.27342124637556,338.0000115941278
506,291.0026008356638,358.00000750208267
507,304.69689710450297,397.0000126171391
508,291.34982450241586,361.000011253124
509,307.1330716015821,365.9999884058722
510,294.24408980811376,371.00000920710147
511,325.0232963537491,397.0000126171391
512,407.5644290795729,445.00002898531943
513,384.15027080813456,472.00001909621045
514,331.9598693137197,387.0000146631616
515,336.50954691171654,424.00000272803004
516,334.264138101066,495.0000187552067
517,376.60556538593613,459.00001739119165
518,361.3470385017113,437.9999911339023
519,351.6780488037759,432.0000272803006
520,365.46817531276014,469.0000153451691
521,386.3455711625398,412.00003137234575
522,360.3056948650631,386.0000279623082
523,342.2606489506121,420.9999989769887
524,369.71866439740035,468.0000286443157
525,378.63925723925405,401.99998976988724
526,368.60401313682877,414.99999147490604
527,327.01283776848504,389.00003171334953
528,414.89270350848534,432.0000272803006
529,375.9898599122461,458.00003069033824
530,386.8347178654256,508.00002046022547
531,364.1222089268646,518.0000184142029
532,346.47357851730885,568.0000081840902
533,337.396745937537,508.00002046022547
534,327.5997352446821,478.0000265982931
535,345.0091719780844,522.0000088660977
536,371.55499964365106,494.00003205435326
537,360.57192877522704,491.0000283033119
538,403.75230169011695,473.00000579706386
539,347.3781714628277,436.00001773219543
540,324.6440783503875,410.0000143221578
541,335.4589716213262,468.0000286443157
542,355.6448227615917,479.0000132991466
543,348.5738561284684,383.0000242112668
544,437.4468775820378,438.50002813281003
545,459.4958641359186,494.00003205435326
546,390.1932938882919,442.0000252342781
547,346.0463908332734,361.99999795397747
548,327.61468484944174,315.0000119351315
549,308.6167271209496,318.0000156861729
550,321.49913981801996,285.00001807319916
551,328.0529810719044,277.99998022178204
552,293.5826843747645,250.99999011089102
553,270.55854710574766,239.0000187552067
554,275.75994017430065,220.99999624895867
555,249.58972951240895,217.99999249791733
556,239.03382450377987,214.99998874687597
557,223.89423973041607,203.99999317992484
558,229.13249394121573,203.0000064790714
559,207.88332215409346,195.99999045189477
560,189.32049613318787,250.00000341003758
561,200.00136674306287,279.99999727196996
562,234.10547450843455,263.00000511505635
563,246.0286027132305,207.00000784308645
564,222.5948680980413,203.0000064790714
565,221.2966749746549,230.00000750208267
566,208.16738646876627,240.00000545606014
567,218.29769696291822,250.49999676046428
568,208.403721169411,260.9999880648685
569,257.42017971580066,224.0
570,234.63665469857142,198.00000750208267
571,187.9333910539028,188.99999624895867
572,203.234256964746,195.00000375104133
573,218.66835986399406,190.00000477405263
574,187.27951498353463,169.00000034100376
575,155.94146602289703,160.9999976129737
576,163.43037777419346,164.00000136401502
577,173.22858880027718,159.0000023870263
578,158.15034105490878,150.99999965899624
579,138.72259855775872,151.99999727196993
580,124.87628554154296,144.00000545606014
581,134.07679609236973,141.9999993179925
582,133.32460181843663,140.0000040920451
583,130.9715995019981,142.99999693096618
584,149.52172381491818,141.0000017050188
585,169.80960327963774,137.00000034100376
586,129.47140120831273,130.49999948849435
587,108.12522612811716,123.99999863598497
588,112.66766899037994,123.00000102301128
589,108.06789930431823,122.00000341003758
590,92.29833054790097,117.00000443304886
591,98.20385000063085,114.99999829498121
592,86.96884009958674,114.00000068200751
593,84.42016164260146,110.99999693096618
594,87.63925894427283,109.99999931799249
595,83.8715547964054,104.00000272803007
596,69.39755479845144,101.99999658996242
597,69.95760300274269,101.99999658996242
598,73.43412267746602,99.5999957715534
599,65.37802892325676,94.39999945439399
600,67.13753465876947,93.69999785167633
601,65.1565265220788,91.09999969309662
602,74.65559813934709,90.80000368284058
603,68.35180539324723,89.19999768117444
604,58.705815716795016,86.99999965899624
605,68.90994397649257,85.19999631715942
606,78.80764898709948,83.9000026939297
607,69.66949574751263,81.60000054560601
608,72.53396550883387,79.30000385334247
609,72.54154397635617,78.69999546465002
610,59.32637708400184,77.59999918159097
611,69.03737844494785,76.4000042284466
612,63.379444088853305,77.30000317133495
613,72.48940040968192,76.6999947826425
614,58.252231613844614,73.4999991474906
615,56.58608179520746,73.4999991474906
616,64.274718083668,72.30000419434623
617,53.00261788585172,70.59999952259474
618,58.92742451114554,70.00000204602254
619,58.37566951825376,70.9000009889109
620,63.26521328591562,70.00000204602254
621,56.97352208118686,68.40000150041654
622,58.68320034755103,68.10000003410038
623,54.10832666386816,65.09999628305904
624,55.28659285753988,64.0
625,56.04492519912062,62.700000920710146
626,50.217359205515805,63.50000119351316
627,61.28680223384742,62.2000021142233
628,51.50555955477185,61.19999904518948
629,46.3324970784503,59.700002625728935
630,56.77386028871424,59.49999982949812
631,51.08285675216427,58.20000075020827
632,49.50756670289263,56.50000153451691
633,53.00150484958495,55.99999727196993
634,45.69058341991987,55.099998329081586
635,57.25355982348282,55.3000011253124
636,45.124454436612346,55.099998329081586
637,43.14555233913233,54.00000204602255
638,58.60969630546298,53.79999924979173
639,53.70943956373343,52.59999884058722
640,45.02264435456343,52.400001500416536
641,57.272421423356505,53.79999924979173
642,54.98313497713058,52.19999870418572
643,56.81227095203816,52.59999884058722
644,56.26727328961893,51.500002557528184
645,50.68722691992789,49.699999215691356
646,69.30233563704105,52.400001500416536
647,67.68744004727677,52.000001364015034
648,40.49640871892049,52.59999884058722
649,56.80210631201366,49.699999215691356
650,53.41350013418498,48.49999880648684
651,51.455508387157934,48.30000146631616
652,46.791084388541044,47.10000105711165
653,42.1851602666513,46.2000021142233
654,45.225427013431116,45.99999931799248
655,48.054165036952874,45.59999918159098
656,40.448038017826995,45.59999918159098
657,41.862786225766996,45.20000177321954
658,48.25226912425802,44.79999890878798
659,54.74202895190108,44.59999884058722
660,45.17792109786842,43.599998499583464
661,58.772379650396125,43.40000115941278
662,40.813632239040906,42.69999955669511
663,57.10671814914072,42.29999942029361
664,45.99925729381464,42.09999935209286
665,50.64514978419577,41.400000477405264
666,46.532319824696785,41.400000477405264
667,49.72473699232639,40.29999873828609
668,34.649773795156996,40.49999880648684
669,48.350049905900015,40.0
670,-15.144500683542033,39.59999713556843
671,54.06640502584979,39.099998329081586
672,38.26704072505583,38.2000021142233
673,3.0592401958861988,38.2000021142233
674,12.924708075207697,37.99999931799248
675,19.85631056439873,37.99999931799248
676,13.633766737743217,37.50000051150564
677,22.47525761981423,36.70000023870263
678,16.019718201314298,36.50000017050188
679,23.591698468108817,36.200001432215785
680,19.404074108300748,36.400001500416536
681,21.974091216459296,36.000001364015034
682,21.82020849651784,35.90000269392969
683,23.04165667809825,36.50000017050188
684,22.971966422041938,36.200001432215785
685,23.513267603722262,36.70000023870263
686,22.38264645514658,35.599998499583464
687,24.36340361307122,34.79999822678046
688,23.027367256614536,34.40000081840902
689,23.662114380162585,34.29999942029361
690,24.04859985561901,34.40000081840902
691,24.364407528135366,34.79999822678046
692,23.938567490952316,34.29999942029361
693,23.59656527374588,34.40000081840902
694,25.176045577198305,34.59999815857971
695,25.069265024369834,34.09999935209286
696,23.16467992193742,33.499999147490605
697,23.954193647168186,33.299999079289854
698,23.73764262055932,33.000000341003755
699,24.62169895574419,32.900001670918414
700,23.27871703474044,33.000000341003755
701,30.042152838566434,32.09999867008534
702,21.894039902213763,32.59999747657219
703,25.984933771955102,32.20000006820075
704,27.974497010931557,32.09999867008534
705,27.876555275515692,32.09999867008534
706,25.473319013448847,32.09999867008534
707,26.703715133644486,31.79999993179925
708,25.551706229354355,31.199999727196992
709,26.305302710741174,31.599999863598498
710,26.601381269822976,31.500001193513153
711,28.500521224244412,31.199999727196992
712,30.17933455844617,30.59999952259474
713,26.079023528918313,32.09999867008534
714,27.358584206956547,31.399999795397743
715,25.78936675261098,30.59999952259474
716,26.3666288266163,30.39999945439399
717,26.021211115767706,30.39999945439399
718,26.502337410260598,30.29999805627858
719,24.801465224948245,29.59999918159098
720,24.821521701990676,30.29999805627858
721,25.003033910436727,29.999999317992483
722,25.709179036862164,29.70000057970639
723,24.844289840918336,29.39999911339023
724,25.594601774106152,29.100000375104134
725,26.39341262580055,29.59999918159098
726,28.036052281332193,29.100000375104134
727,25.957255178909328,29.39999911339023
728,26.723013218328678,28.999998976988724
729,32.66721068132892,28.700000238702632
730,22.742997402574375,28.500000170501878
731,27.57324198069987,28.799998908787973
732,31.477265790946284,29.39999911339023
733,30.597148731176166,29.39999911339023
734,28.095616089784926,28.500000170501878
735,32.03562261659686,29.300000443304885
736,32.27566743813084,29.39999911339023
737,31.775172130172045,28.999998976988724
738,30.583295794502952,28.700000238702632
739,31.405076659349863,27.699999897698873
740,31.76184297527143,27.000001023011276
741,32.592506306012,27.699999897698873
742,35.72238884044741,26.799998226780456
743,30.023553129579042,27.200001091212027
744,31.07885336804297,27.200001091212027
745,28.8343066148932,26.799998226780456
746,32.42664207802234,26.799998226780456
747,28.447842963677303,26.40000081840902
748,35.83866020987417,26.29999942029361
749,33.22853560369089,26.499999488494364
750,32.54220688766211,26.000000682007517
751,32.10586393472642,26.000000682007517
752,32.38491958619876,26.40000081840902
753,32.54389281024266,26.40000081840902
754,47.732423899043795,30.89999826088083
755,50.69494724501359,29.39999911339023
756,37.18259694140089,27.699999897698873
757,37.95467309845222,28.600001568617287
758,41.47421653534044,32.0
759,46.78665952377461,31.500001193513153
760,58.25092215941312,29.70000057970639
761,41.940199534939076,28.799998908787973
762,39.14348312832756,32.900001670918414
763,52.95784272838471,31.599999863598498
764,48.968996279307994,34.09999935209286
765,48.892011270856216,34.90000235292593
766,43.265391971884924,37.59999918159098
767,55.21824206424579,36.000001364015034
768,54.65291784980762,36.90000030690338
769,41.98673427179841,30.39999945439399
770,39.34892288847915,28.500000170501878
771,45.33232487155241,34.90000235292593
772,46.07130729587771,32.40000286443157
773,39.93501559580688,34.90000235292593
774,43.22987302043056,37.79999924979173
775,46.64104000690192,47.79999720376918
776,47.25249793777977,46.700000920710146
777,46.300418172908685,46.15000277918063
778,45.32144275962065,45.59999918159098
779,47.51414875743345,46.900003716940965
780,45.973608355137685,54.699998192680084
781,42.89281399370302,61.90000064790714
782,47.04382273397035,28.500000170501878
783,49.6899982574708,45.59999918159098
784,42.87985585089133,44.09999730607031
785,43.41026128048957,46.900003716940965
786,45.406609130239225,45.59999918159098
787,43.803242195532235,46.900003716940965
788,44.03550121925894,54.299998056278575
789,44.072929791759236,50.80000095481052
790,52.878675295880434,57.99999795397745
791,43.71057101420315,56.09999594205528
792,75.73319183950726,62.49999812447933
793,77.96769398595542,46.900003716940965
794,62.59466622381645,45.59999918159098
795,67.55895801527629,46.900003716940965
796,62.655168474611756,44.50000017050188
797,59.268728352655174,45.59999918159098
798,59.497432753206375,40.49999880648684
799,60.144060447690194,41.400000477405264
800,67.63278669294215,44.90000030690338
801,81.7665522371722,42.79999822678046
802,70.92426408831452,40.900001670918414
803,62.71081483189026,38.599999522594736
804,59.53855507841552,45.70000057970639
805,58.062720821246174,41.400000477405264
806,57.671821393143574,45.99999931799248
807,65.06721081773043,49.900002011922176
808,56.14667799253816,56.60000020460225
809,66.07728577376652,60.200001432215785
810,63.36580939458534,58.60000088660977
811,68.94576846731428,64.59999747657218
812,65.45869404426706,64.09999867008534
813,58.251686007831495,64.80000572886314
814,68.77821013265387,63.10000105711165
815,63.70628937101516,67.5999957715534
816,78.73263361635509,86.5000008525094
817,74.82676020172418,65.09999628305904
818,70.246468650331,56.50000153451691
819,62.236939641311785,54.799996862765425
820,63.41066093689419,52.19999870418572
821,77.57093474927187,49.299999079289854
822,57.86853964117539,59.49999982949812
823,62.89870517462973,61.99999931799248
824,72.65495909830422,71.3000011253124
825,76.4034088099685,80.59999747657218
826,66.45413039097105,82.59999815857971
827,71.86744229108149,75.19999836318196
828,63.64473955667465,81.40000320543533
829,73.61660606461544,80.09999867008534
830,74.54349792789067,81.80000334183683
831,64.8800461309884,73.00000034100376
832,63.46275267099719,77.69999785167633
833,86.03848363812817,84.90000030690338
834,76.19523283566109,80.0
835,69.20455485539907,80.59999747657218
836,69.2934531711474,88.80000300083307
837,68.70359305429905,89.4999991474906
838,73.01523911695031,89.99999795397746
839,67.54867061389884,99.80000402384435
840,71.28320737222845,105.00000034100376
841,82.95132478255043,111.99999454393986
842,83.6483582885567,120.99999488494363
843,76.55899382067089,128.9999976129737
844,89.50532426217869,123.99999863598497
845,89.48658815168803,114.99999829498121
846,84.58821375070374,122.00000341003758
847,109.28390779394779,158.00000477405263
848,104.355994283413,140.0000040920451
849,114.39220410848148,154.00000341003758
850,142.30873593657876,150.00000204602256
851,239.57665883835705,224.0
852,287.75648512422254,260.000001364015
853,242.4105801190035,179.9999959079549
854,241.3459063692341,150.99999965899624
855,237.98610818889836,160.9999976129737
856,303.38702801243574,163.00000375104133
857,288.4532021787412,174.99999693096618
858,262.365203430907,179.9999959079549
859,283.57528800324906,198.9999942029361
860,265.8947723782864,207.00000784308645
861,284.85997192175057,246.99999965899624
862,254.28133014653955,236.00001500416536
863,250.85817619595986,394.99999556695116
864,257.544665183755,279.0000105711165
865,258.4400482997723,283.9999877238647
866,264.2398402192791,203.99999317992484
867,237.94272159873475,227.99999045189477
868,250.00591777921986,266.99999556695116
869,249.31129585179158,240.00000545606014
870,224.01060658089511,241.999978857767
871,206.14908070501846,193.99999522594737
872,225.85506044462116,233.00001125312403
873,224.53080917804795,259.0000146631616
874,201.54152522114947,262.00001841420294
875,193.99500838698742,254.9999805627858
876,225.6442382811501,259.0000146631616
877,233.44232313584328,296.00000272803004
878,297.1838368310657,401.0000030690338
879,278.93726587960725,328.0000136401503
880,245.42996379563098,413.00001807319916
881,230.8763380561217,311.00002148323676
882,281.80222123028017,275.00002011922174
883,273.3233728408921,260.9999880648685
884,235.34465488544149,266.99999556695116
885,239.28803325741453,276.00000682007516
886,269.5392896005107,282.0000143221578
887,289.8341746464388,329.0000003410038
888,296.754226656332,335.00000784308645
889,251.38885442856466,329.9999870418572
890,259.2070175845408,371.9999959079549
891,283.1172844915924,443.999998635985
892,282.5115308715817,355.00000375104133
893,278.50078106910814,309.00000443304884
894,301.5199860597664,312.0000081840902
895,281.5459173495551,334.000021142233
896,264.378445970853,384.0000109121203
897,274.65510982196537,351.0000132991466
898,313.5327245961578,365.0000017050188
899,311.85740859650014,383.0000242112668
900,285.7807366294984,309.9999911339023
901,301.87260031392805,321.00001943721423
902,310.32519414196463,326.99998329081586
903,279.6209102140515,290.99998192680084
904,262.6049427130736,289.00000852509396
905,347.1048228502526,355.00000375104133
906,378.7252010984413,351.0000132991466
907,316.12086128001215,349.9999829498121
908,273.8324014268961,318.0000156861729
909,292.3550708452358,312.99999488494365
910,305.3929812560464,296.9999894288835
911,325.28158624036195,391.9999918159098
912,340.6487760181605,432.0000272803006
913,357.0352451254365,315.0000119351315
914,356.7281780612504,299.00000647907143
915,311.358353688416,285.00001807319916
916,312.4133592996328,289.00000852509396
917,344.25291839541364,273.99998976988724
918,356.6298162092044,309.00000443304884
919,330.6706896016701,339.99998499583467
920,292.16419603760454,292.9999989769887
921,283.73966818288307,272.0000163681804
922,289.75580379871366,335.99999454393986
923,274.2202400052651,283.0000010230113
924,236.19588756287683,260.000001364015
925,219.87646252249345,237.0000017050188
926,207.23520768322388,231.99998090378955
927,192.43169438970386,221.99998294981208
928,172.49263176129463,217.99999249791733
929,153.15923545593395,195.99999045189477
930,155.5676931675464,195.99999045189477
931,145.21604122599035,246.99999965899624
932,195.0175831767842,207.99999454393986
933,206.73589088425342,203.99999317992484
934,158.7640386984705,190.00000477405263
935,137.60640868823015,193.99999522594737
936,143.0631890194062,183.99999727196993
937,165.01937890257489,178.0000006820075
938,133.80630645530346,169.00000034100376
939,133.64234093623946,159.0000023870263
940,135.14517996302837,159.0000023870263
941,118.68954983752876,156.99999624895867
942,121.30840413992203,154.00000341003758
943,124.89277375525955,154.00000341003758
944,99.19809147016609,149.00000443304884
945,114.03714008332086,146.0000006820075
946,127.1621346698862,142.99999693096618
947,130.57889411799206,146.0000006820075
948,175.12020484777761,269.9999993179925
949,283.3959145703745,755.9999959079549
950,337.5214496478966,407.99999727196996
951,261.3494814526351,275.00002011922174
952,230.09904590558492,247.9999863598497
953,222.04267116427891,240.00000545606014
954,212.3606960432311,193.00000852509396
955,185.5190844458297,178.9999982949812
956,159.61342722758147,169.99999795397744
957,152.5067779611999,163.00000375104133
958,121.98123456318612,160.0
959,118.1392297884515,150.99999965899624
960,102.36821517609945,150.99999965899624
961,94.46699441674546,145.00000306903382
962,92.66407753879855,138.99999556695116
963,78.08993701319582,133.99999658996242
964,84.11856155066685,132.00000136401502
965,70.9366275205719,129.99999522594737
966,73.64862768152568,128.0
967,76.92222011178785,123.99999863598497
968,62.96240740469201,122.00000341003758
969,79.0854606568619,118.99999965899624
970,65.9205904548274,114.00000068200751
971,69.5252757100636,113.00000306903382
972,70.55524891739832,109.00000170501879
973,65.11488587115718,106.99999556695114
974,77.06963194441366,106.99999556695114
975,62.150859380621235,104.00000272803007
976,65.46134568949084,101.99999658996242
977,74.1365194905813,99.5999957715534
978,63.21058993991173,97.99999522594739
979,68.63952526820798,95.29999839728234
980,69.1704872159396,95.29999839728234
981,56.58068575173767,92.70000023870263
982,66.54023247590212,89.99999795397746
983,57.381739044146,88.90000167091841
984,59.03521716312836,88.09999594205527
985,65.58668230282566,84.80000163681804
986,65.23629684922757,85.9000033759372
987,70.61637315904859,84.40000150041654
988,68.72219821934658,84.10000003410038
989,64.99956931225339,82.00000068200751
990,71.22312523806325,79.19999427113686
991,66.66936923511834,77.10000037510413
992,56.97192891162854,77.40000184142029
993,48.7099807366977,75.6999971696688
994,60.48220523038385,76.4000042284466
995,55.19385074742909,73.99999795397746
996,53.21970906241358,73.6999964876613
997,49.6220921330774,72.00000272803007
998,52.13549716131421,71.69999580565377
999,51.098305586425866,72.30000419434623
1000,49.471982278716695,71.3000011253124
1001,53.93212865798994,70.69999819268008
1002,54.12423926324092,70.00000204602254
1003,43.318318483188,66.30000214832367
1004,58.773770945729595,65.69999921569135
1005,45.871582758713586,64.99999761297369
1006,44.83734018432617,63.40000252342781
1007,50.74246952875668,63.10000105711165
1008,53.865739318313025,63.10000105711165
1009,55.97768471406324,60.400004228446605
1010,50.33323501058305,59.09999969309662
1011,43.503922736732484,58.50000221652443
1012,57.476799979812576,57.89999928389211
1013,49.370575945117494,58.50000221652443
1014,47.92215566207755,57.89999928389211
1015,50.71920216032701,56.60000020460225
1016,47.49107507913845,55.70000126171391
1017,49.33978466976684,54.799996862765425
1018,46.91650284277783,54.199999386193234
1019,47.28650010451765,54.00000204602255
1020,37.218609666297134,53.09999764707407
1021,48.36762933164287,51.40000388744284
1022,41.9353490974824,50.49999948849436
1023,37.816258308982825,49.299999079289854
1024,40.575300620388134,48.70000160271766
1025,34.952339609734835,47.5999998635985
1026,40.561870528375096,47.29999839728234
1027,35.312327729163904,47.90000132991466
1028,30.85070275759509,47.000002387026306
1029,35.82978865610078,47.5999998635985
1030,35.687120867759084,46.2000021142233
1031,26.57802387640114,45.90000064790714
1032,29.76931163958358,45.70000057970639
1033,35.13239505012585,45.40000184142029
1034,35.77253003305349,45.40000184142029
1035,-14.345733480328686,44.59999884058722
1036,44.882508178122634,43.799998567784215
1037,32.251518915989976,44.59999884058722
1038,4.745642909730508,44.30000010230113
1039,10.885805684464449,43.00000102301127
1040,18.96371003904834,43.00000102301127
1041,13.359954360057003,42.49999948849436
1042,21.173392567959493,42.20000075020827
1043,15.2420059341474,41.0999990110891
1044,21.864397127520743,41.400000477405264
1045,17.86135128195248,40.900001670918414
1046,21.196493526555155,41.900002011922176
1047,20.938934751999902,41.0999990110891
1048,21.104864452711134,40.59999747657219
1049,20.966656993526726,39.79999993179925
1050,22.735429847172345,40.09999867008534
1051,21.655457304794957,39.50000119351316
1052,22.116614419207515,38.999999658996245
1053,22.24415528083535,38.299998056278575
1054,22.937920606823006,38.299998056278575
1055,22.382619174845924,37.99999931799248
1056,23.019226814898726,37.79999924979173
1057,23.239482506336703,37.30000044330489
1058,22.185895470753984,36.79999890878798
1059,24.05031851456035,36.59999884058722
1060,23.00689611900213,36.09999730607031
1061,23.06412473371869,35.40000115941278
1062,22.796919644851407,35.599998499583464
1063,24.81184265131786,35.599998499583464
1064,24.343325311788263,35.40000115941278
1065,23.897821633892228,35.09999969309662
1066,29.77969997807346,35.40000115941278
1067,20.339690211725824,34.59999815857971
1068,22.143474603233603,34.90000235292593
1069,26.239104333168857,34.59999815857971
1070,24.993327579463255,34.40000081840902
1071,23.76925503295972,33.900002011922176
1072,24.133861707289878,34.90000235292593
1073,24.055845503473293,34.09999935209286
1074,32.30673970057824,33.900002011922176
1075,33.18138978809685,35.599998499583464
1076,33.7393046728768,34.90000235292593
1077,35.57905268473964,29.100000375104134
1078,27.920421998970852,31.700001261713904
1079,31.28486328647828,32.40000286443157
1080,25.438607558893906,31.89999860188459
1081,27.252660255568678,30.79999959079549
1082,26.083448393684748,30.39999945439399
1083,26.02786750912782,32.70000160271766
1084,24.915736948336907,30.79999959079549
1085,26.360927243779155,29.70000057970639
1086,25.962165633027443,30.79999959079549
1087,24.762781758617763,30.99999965899624
1088,24.86746172829571,30.79999959079549
1089,30.496937274745704,30.59999952259474
1090,26.219637110620596,30.99999965899624
1091,27.98777160523086,30.79999959079549
1092,25.729961169902055,30.79999959079549
1093,27.899650778051225,30.39999945439399
1094,38.123538159514055,31.299998397282337
1095,33.33868254562034,31.700001261713904
1096,32.780538506314876,30.99999965899624
1097,38.766387532356994,30.99999965899624
1098,36.441691255879334,32.0
1099,33.1786563019711,30.79999959079549
1100,39.70923837151609,29.500000511505636
1101,34.215888797310434,29.90000064790714
1102,32.7361971056283,29.90000064790714
1103,32.81852359694856,29.500000511505636
1104,32.76378294565185,29.100000375104134
1105,33.81906681593538,30.79999959079549
1106,33.748099841808354,30.39999945439399
1107,35.25634309615726,30.39999945439399
1108,34.15479183596082,30.39999945439399
1109,33.268206616905125,30.79999959079549
1110,33.73607468527911,30.79999959079549
1111,34.97503136382066,29.100000375104134
1112,38.85230956730374,30.39999945439399
1113,36.46326997369838,30.79999959079549
1114,36.663319146440315,32.20000006820075
1115,39.62898791107577,36.09999730607031
1116,40.712763327364634,39.95000066495733
1117,37.759523467708135,43.799998567784215
1118,39.32016672355746,45.70000057970639
1119,38.74321564497962,47.000002387026306
1120,39.24889966612322,44.90000030690338
1121,44.96998519020678,44.30000010230113
1122,44.22208756362704,44.90000030690338
1123,38.86074190823657,39.79999993179925
1124,51.78971116640677,40.59999747657219
1125,55.32929744018709,38.999999658996245
1126,39.19601953133125,41.0999990110891
1127,41.83701179770702,42.29999942029361
1128,43.724958644769224,43.29999976129737
1129,46.42956311621511,39.199999727196996
1130,42.25858246783738,38.700000920710146
1131,44.93719154078797,38.500000852509395
1132,42.16584035772658,44.90000030690338
1133,50.33395521052037,42.20000075020827
1134,58.97205508301907,38.500000852509395
1135,52.81926425711138,44.90000030690338
1136,46.92510159354466,51.599995771553395
1137,48.63655853551162,49.299999079289854
1138,50.5194285186217,47.10000105711165
1139,57.20532006783247,45.09999764707407
1140,52.66452220769925,49.50000187552067
1141,58.247760372567065,62.700000920710146
1142,56.99001575096359,65.19999495314438
1143,60.15821346767063,65.90000201192217
1144,70.82401443946314,66.89999962489587
1145,77.4125071312411,70.99999965899624
1146,62.24652321093231,67.1999956351519
1147,59.8034277015767,63.90000132991466
1148,52.20653506422294,47.000002387026306
1149,51.20308922124631,47.000002387026306
1150,56.24478340975796,45.40000184142029
1151,48.63721326272737,45.40000184142029
1152,48.405308882909196,55.20000245522706
1153,59.27367699919421,54.599999522594736
1154,53.87426168423802,53.39999911339023
1155,88.29398616002148,64.59999747657218
1156,100.90937927426899,64.59999747657218
1157,86.64312967793218,54.500000852509395
1158,75.3443929945552,45.40000184142029
1159,62.721896090016806,47.5999998635985
1160,65.66467668240172,45.99999931799248
1161,70.95888824590736,48.800000272803004
1162,59.98329763592324,47.10000105711165
1163,60.643644593607064,49.299999079289854
1164,55.06152219303609,55.79999993179925
1165,65.91586823478382,56.29999873828609
1166,76.9363403954075,56.900001670918414
1167,68.7993141732415,47.000002387026306
1168,61.056706537962754,48.999997612973694
1169,61.16108096827335,45.99999931799248
1170,61.459486537001126,42.69999955669511
1171,62.40284478975243,49.900002011922176
1172,79.60269515730333,67.3000052173575
1173,85.75806942768317,81.40000320543533
1174,93.75305803645261,81.40000320543533
1175,77.48301579631709,63.90000132991466
1176,75.34061740094438,59.999998635984966
1177,89.96684693262004,73.80000061380676
1178,76.12170696933251,71.09999832908159
1179,89.30786944602916,81.40000320543533
1180,74.37763915596113,85.80000470585186
1181,78.53065027029663,67.1999956351519
1182,84.22127733869755,78.49999812447933
1183,72.95551162669364,83.50000255752819
1184,72.10280581302287,83.5999957715534
1185,62.12426108748144,74.50000221652442
1186,78.36166517591191,77.8000019778218
1187,75.5583305683612,82.80000095481053
1188,74.15577938284459,85.80000470585186
1189,89.83748920296851,97.69999921569135
1190,111.89547825606586,82.09999935209287
1191,116.02725438437056,84.90000030690338
1192,101.39663818034938,85.30000044330488
1193,80.84907207762336,89.40000047740526
1194,82.31559011211863,96.99999761297369
1195,87.91342050980744,96.99999761297369
1196,82.10604466671828,115.9999959079549
1197,86.13211508604036,100.99999897698872
1198,79.10329651743092,104.00000272803007
1199,73.03828551494466,100.99999897698872
1200,77.7876549137448,100.99999897698872
1201,75.7832730154519,123.00000102301128
1202,88.28832276960524,129.99999522594737
1203,83.20081404417158,106.99999556695114
1204,99.24148897244997,118.99999965899624
1205,106.49676131680647,146.0000006820075
1206,111.76596230067051,138.99999556695116
1207,121.0018935938693,138.99999556695116
1208,101.6712362306945,142.99999693096618
1209,148.13506613256385,140.0000040920451
1210,190.64086268494765,141.9999993179925
1211,205.38507951696135,141.0000017050188
1212,180.5201766808672,144.00000545606014
1213,184.418728062802,195.00000375104133
1214,218.85270922370836,169.00000034100376
1215,217.9035948275186,151.99999727196993
1216,232.25222547577698,188.00000954810523
1217,266.65866444514086,185.99999249791733
1218,309.7161014131537,249.00001670918417
1219,293.81744773009143,256.0000109121203
1220,326.69036279048834,321.00001943721423
1221,349.1173233660208,306.0000006820075
1222,348.60663613773687,319.0000023870263
1223,300.10575344950877,283.9999877238647
1224,280.7357142443067,275.00002011922174
1225,333.7613294236116,309.00000443304884
1226,330.4004618554901,309.00000443304884
1227,322.5642937010809,346.99997919877075
1228,302.13041006724933,342.999988746876
1229,309.9963246614941,312.0000081840902
1230,301.9834238073138,362.9999846548309
1231,295.55924036638805,354.0000170501879
1232,300.3727512080911,358.99999420293614
1233,285.2948417384508,368.99999215691355
1234,325.4569658372205,521.0000221652443
1235,341.684685418918,442.0000252342781
1236,346.44640733785525,435.000031031342
1237,374.92715034412396,436.00001773219543
1238,336.8534096454277,482.0000170501879
1239,340.0472563008117,457.0000003410038
1240,331.5181685097351,508.00002046022547
1241,313.09001987710906,548.0000122761353
1242,360.4816637164158,524.0000259162856
1243,336.2512133766226,529.0000030690338
1244,364.80412914630733,560.0000272803006
1245,397.3615966341565,443.0000119351315
1246,387.1401699358129,406.0000238702631
1247,356.6736611084191,482.0000170501879
1248,325.4888947011085,458.00003069033824
1249,341.11046782646594,527.000029667327
1250,330.09714856067427,493.0000017050188
1251,376.78362936437924,525.0000126171391
1252,347.2160391799678,498.00002250624806
1253,340.060656384494,463.00000784308645
1254,329.511822429795,430.00001023011276
1255,351.7360358108507,430.00001023011276
1256,329.6245446321064,429.0000235292593
1257,320.47700151303366,430.00001023011276
1258,304.676775154739,424.00000272803004
1259,289.5354444421332,457.0000003410038
1260,293.40344188733303,440.0000081840902
1261,305.59214927507713,483.00000375104133
1262,393.60219660980886,463.00000784308645
1263,395.02666478887267,504.0000300083307
1264,366.1214621286341,552.00000272803
1265,316.19626403102586,534.000023870263
1266,310.2628859352659,555.0000064790714
1267,310.8564398048231,552.9999894288835
1268,298.75718997899077,598.0000020460226
1269,334.9753246270527,614.9999942029361
1270,324.0437153177865,603.0000228472518
1271,310.59332676105424,539.0000010230112
1272,306.40030090171626,515.0000146631616
1273,295.06308808229375,479.0000132991466
1274,357.9754552314921,481.00003034933445
1275,354.00540763759756,577.0000194372142
1276,366.7299219544699,669.0000180731992
1277,387.8740973204266,731.0000228472518
1278,353.5455054170152,591.0000078430865
1279,323.9534502589753,649.0000221652443
1280,404.79619876290656,630.9999996589962
1281,395.7744942147007,663.0000105711165
1282,364.38045516499636,670.9999914749061
1283,339.5579350040017,258.33415708474524
1284,359.8484770260653,258.33415708474524
1285,387.8174852405048,258.33415708474524
1286,343.44956810169003,258.33415708474524
1287,323.1817451140129,258.33415708474524
1288,329.5658592493348,258.33415708474524
1289,410.56107189757336,258.33415708474524
1290,370.65025392844854,258.33415708474524
1291,376.0275503756327,258.33415708474524
1292,365.71972150905077,258.33415708474524
1293,379.2962323517767,258.33415708474524
1294,363.09064254997156,258.33415708474524
1295,351.4858645417131,258.33415708474524
1296,331.49627879648864,258.33415708474524
1297,330.28828525919187,258.33415708474524
1298,323.75722851241545,258.33415708474524
1299,308.09473493607373,258.33415708474524
1300,366.1734692938051,258.33415708474524
1301,351.1994868575447,258.33415708474524
1302,327.9996426280614,258.33415708474524
1303,291.5243529538939,258.33415708474524
1304,268.65457853811006,351.0000132991466
1305,264.39848062365496,397.0000126171391
1306,237.86066245436092,393.0000221652443
1307,239.24329356433836,332.0000040920451
1308,244.63820217362615,352.9999867008534
1309,204.8855662998262,321.00001943721423
1310,172.2241936028377,298.00001977821796
1311,161.68129584156148,298.00001977821796
1312,153.06668976398788,273.99998976988724
1313,133.21993276087895,260.000001364015
1314,124.13170792755307,262.00001841420294
1315,121.81255500816874,259.0000146631616
1316,171.4214543878488,259.0000146631616
1317,163.0054270748118,259.0000146631616
1318,130.1169840672814,246.99999965899624
1319,107.35313360288544,207.00000784308645
1320,108.53652030899032,214.00000204602256
1321,118.40667494396456,218.99997919877075
1322,100.99171122164937,213.00001534516912
1323,105.18924378665577,210.00001159412778
1324,132.94313591830095,213.00001534516912
1325,125.5932445791485,211.99998499583464
1326,110.81377068656674,205.0000017050188
1327,99.92298361920247,201.99999795397744
1328,103.32924560761585,195.99999045189477
1329,100.78288052012621,193.00000852509396
1330,89.58996957905472,185.0000057970639
1331,89.66993359633817,185.99999249791733
1332,82.56935146882253,181.00000443304884
1333,81.47620799728834,167.00000511505638
1334,72.2387653754332,164.99999897698873
1335,66.59359001595557,160.9999976129737
1336,68.55726152157924,160.9999976129737
1337,75.12416458341788,149.00000443304884
1338,69.73183669057217,149.00000443304884
1339,100.2709056616513,149.00000443304884
1340,84.9448709454227,145.00000306903382
1341,68.91475622152832,141.0000017050188
1342,76.72188449588903,132.99999897698873
1343,70.6720740769284,127.00000238702631
1344,73.79429903096963,126.00000477405261
1345,74.14647134426069,126.00000477405261
1346,76.26077102995752,124.99999624895867
1347,69.76395106050464,126.00000477405261
1348,68.2054274840163,120.99999488494363
1349,72.86630504354788,120.99999488494363
1350,69.48084701241493,117.00000443304886
1351,70.21867548002247,114.99999829498121
1352,71.58474744750161,114.00000068200751
1353,67.05634029992645,109.00000170501879
1354,66.21349631494289,111.99999454393986
1355,66.97521686986512,111.99999454393986
1356,58.862573780425635,109.00000170501879
1357,78.98569114130207,105.00000034100376
1358,60.34145524717828,103.00000511505637
1359,66.20553319518135,100.99999897698872
1360,55.00591948423864,96.99999761297369
1361,73.35487886011991,94.00000477405261
1362,62.12531137905671,89.80000061380676
1363,54.39773791746959,91.59999304352333
1364,63.19038069318562,91.59999304352333
1365,62.41762798467802,104.00000272803007
1366,57.44034258601564,104.00000272803007
1367,52.92831180292438,99.49999710146805
1368,47.54315590112119,97.69999921569135
1369,54.95215546770541,80.30000146631616
1370,43.64623860919571,79.19999427113686
1371,42.55349615808116,79.69999853368384
1372,41.245452118127794,77.40000184142029
1373,37.16093092661974,76.8000043648481
1374,39.87831621892305,73.89999928389211
1375,38.952962964604836,71.09999832908159
1376,40.17222326607261,71.09999832908159
1377,33.90803878849549,69.9000033759372
1378,37.7355631796418,66.59999815857971
1379,41.16964016260423,67.69999444163874
1380,36.276721821751195,66.59999815857971
1381,36.42975339631218,65.40000320543533
1382,40.30126181620648,66.59999815857971
1383,36.70979659466827,63.199999727196996
1384,35.044727075937104,61.50000051150564
1385,36.433357124028866,62.599996794564674
1386,31.493006524424906,58.69999955669511
1387,33.273286208887306,54.9000009889109
1388,37.02798310940185,54.9000009889109
1389,33.018204485631635,52.299997374271065
1390,40.370100926882316,52.299997374271065
1391,35.031316080134516,50.70000228472518
1392,33.03766625211976,49.600000545606015
1393,38.83428547266019,48.59999747657219
1394,32.1103488161543,48.59999747657219
1395,35.08795544035691,48.59999747657219
1396,32.310035160897506,47.000002387026306
1397,36.294486753538514,47.000002387026306
1398,35.38242446169999,45.40000184142029
1399,32.826604022002925,46.399999454393985
